{
    "mean": [
        5.659718822144965e-16,
        2.2065133992987552e-16
    ],
    "scale": [
        0.9999999999999999,
        1.0
    ]
}